cell_type,concentration,n_distinguishable,top_markers
0,0.0001,0,"[309, 129, 132, 160, 411, 126, 131, 122, 125, 123]"
0,0.0001167798623737652,0,"[902, 229, 89, 1068, 847, 1143, 56, 335, 64, 224]"
0,0.0001363753625603554,0,"[36, 1011, 718, 835, 118, 47, 901, 853, 221, 800]"
0,0.00015925896070970654,0,"[815, 658, 814, 502, 65, 589, 1097, 116, 180, 404]"
0,0.00018598239513468407,0,"[280, 41, 968, 739, 1060, 10, 1045, 385, 134, 984]"
0,0.00021718998507771627,0,"[472, 229, 121, 1068, 454, 457, 224, 56, 902, 64]"
0,0.0002536341656633582,0,"[515, 227, 346, 611, 568, 158, 767, 772, 685, 1034]"
0,0.00029619362959451735,0,"[586, 720, 798, 510, 1010, 643, 1034, 685, 404, 772]"
0,0.00034589451300033727,0,"[1028, 833, 1079, 125, 422, 845, 999, 22, 13, 126]"
0,0.00040393513624019926,0,"[296, 899, 657, 564, 53, 767, 831, 1034, 404, 685]"
0,0.0004717148961805861,0,"[224, 589, 750, 229, 56, 656, 404, 1034, 685, 772]"
0,0.0005508680065562379,0,"[831, 125, 267, 564, 296, 767, 1034, 404, 685, 772]"
0,0.0006433028999174784,0,"[683, 675, 472, 64, 1068, 296, 404, 1034, 772, 685]"
0,0.0007512482411700718,0,"[1041, 1008, 267, 767, 1107, 296, 404, 1034, 685, 772]"
0,0.0008773066621237416,0,"[806, 323, 1107, 267, 767, 296, 404, 1034, 685, 772]"
0,0.0010245175126239797,0,"[976, 831, 391, 267, 296, 767, 404, 1034, 685, 772]"
0,0.0011964301412374049,0,"[391, 831, 267, 323, 296, 767, 404, 1034, 685, 772]"
0,0.0013971894723352873,0,"[564, 976, 767, 1107, 267, 296, 1034, 404, 685, 772]"
0,0.001631635942893885,0,"[564, 831, 1107, 267, 296, 767, 404, 1034, 685, 772]"
0,0.0019054222085523648,0,"[564, 831, 391, 767, 267, 296, 404, 1034, 685, 772]"
0,0.002225149432786609,0,"[323, 391, 1107, 767, 267, 296, 404, 1034, 685, 772]"
0,0.002598526445218819,2,"[1107, 391, 564, 267, 767, 296, 404, 1034, 685, 772]"
0,0.003034555606472433,3,"[806, 1107, 391, 767, 267, 296, 404, 1034, 685, 772]"
0,0.0035437498608938797,5,"[1107, 831, 391, 767, 267, 296, 404, 1034, 685, 772]"
0,0.004138386210422373,7,"[564, 1107, 391, 267, 767, 296, 404, 1034, 685, 772]"
0,0.0048328017210261245,7,"[564, 391, 1107, 267, 767, 296, 404, 1034, 685, 772]"
0,0.005643739198611264,11,"[831, 1107, 391, 767, 267, 296, 404, 1034, 685, 772]"
0,0.006590750868872473,16,"[806, 1107, 391, 267, 767, 296, 404, 1034, 685, 772]"
0,0.007696669794067008,32,"[1107, 564, 391, 267, 767, 296, 404, 1034, 685, 772]"
0,0.008988160392874619,45,"[564, 1107, 391, 767, 267, 296, 404, 1034, 685, 772]"
0,0.010496361336732254,52,"[831, 564, 391, 267, 767, 296, 404, 1034, 685, 772]"
0,0.012257636323289026,67,"[564, 1107, 391, 767, 267, 296, 404, 1034, 685, 772]"
0,0.014314450828613578,72,"[831, 564, 391, 767, 267, 296, 404, 1034, 685, 772]"
0,0.01671639597721523,76,"[831, 564, 391, 267, 767, 296, 404, 1034, 685, 772]"
0,0.019521384216045566,77,"[564, 1107, 391, 267, 767, 296, 404, 1034, 685, 772]"
0,0.022797045620951938,78,"[1107, 564, 391, 767, 267, 296, 404, 1034, 685, 772]"
0,0.026622358501432165,78,"[564, 1107, 391, 267, 767, 296, 404, 1034, 685, 772]"
0,0.031089553618622864,78,"[806, 1107, 391, 267, 767, 296, 404, 1034, 685, 772]"
0,0.03630633792844572,78,"[831, 1107, 391, 267, 767, 296, 404, 1034, 685, 772]"
0,0.042398491465793026,78,"[564, 1107, 391, 267, 767, 296, 404, 1034, 685, 772]"
0,0.04951289998230568,78,"[564, 1107, 391, 267, 767, 296, 404, 1034, 685, 772]"
0,0.05782109645659659,78,"[564, 1107, 391, 267, 767, 296, 404, 1034, 685, 772]"
0,0.06752339686501559,78,"[806, 1107, 391, 267, 767, 296, 404, 1034, 685, 772]"
0,0.0788537299290565,78,"[806, 1107, 391, 267, 767, 296, 404, 1034, 685, 772]"
0,0.09208527728773268,80,"[564, 1107, 391, 267, 767, 296, 404, 1034, 685, 772]"
0,0.10753706008311428,81,"[1107, 564, 391, 267, 767, 296, 1034, 404, 685, 772]"
0,0.12558163076585405,86,"[564, 1107, 391, 767, 267, 296, 404, 1034, 685, 772]"
0,0.14665405557509434,89,"[564, 1107, 391, 267, 767, 296, 1034, 404, 685, 772]"
0,0.17126240426614048,108,"[564, 1107, 391, 267, 767, 296, 404, 1034, 685, 772]"
0,0.20000000000000004,141,"[564, 1107, 391, 767, 267, 296, 404, 1034, 685, 772]"
1,0.0001,1,"[460, 450, 521, 994, 172, 299, 834, 27, 1022, 801]"
1,0.0001167798623737652,1,"[656, 612, 472, 675, 750, 224, 229, 56, 27, 801]"
1,0.0001363753625603554,1,"[902, 1068, 335, 472, 224, 229, 56, 64, 27, 801]"
1,0.00015925896070970654,1,"[986, 340, 876, 960, 430, 999, 316, 1132, 27, 801]"
1,0.00018598239513468407,1,"[809, 669, 521, 834, 21, 1022, 1132, 316, 27, 801]"
1,0.00021718998507771627,1,"[1045, 41, 682, 995, 811, 316, 225, 1132, 27, 801]"
1,0.0002536341656633582,1,"[984, 1020, 100, 280, 809, 134, 316, 1132, 27, 801]"
1,0.00029619362959451735,1,"[1022, 815, 521, 852, 669, 21, 316, 1132, 27, 801]"
1,0.00034589451300033727,1,"[125, 521, 225, 809, 21, 852, 316, 1132, 27, 801]"
1,0.00040393513624019926,1,"[809, 815, 21, 180, 521, 65, 316, 1132, 27, 801]"
1,0.0004717148961805861,1,"[125, 809, 1022, 521, 21, 852, 316, 1132, 27, 801]"
1,0.0005508680065562379,1,"[180, 809, 65, 852, 521, 21, 1132, 316, 27, 801]"
1,0.0006433028999174784,1,"[815, 809, 225, 521, 852, 21, 316, 1132, 27, 801]"
1,0.0007512482411700718,1,"[1022, 815, 65, 521, 852, 21, 316, 1132, 27, 801]"
1,0.0008773066621237416,2,"[815, 809, 1022, 521, 852, 21, 316, 1132, 27, 801]"
1,0.0010245175126239797,2,"[669, 809, 1022, 521, 852, 21, 316, 1132, 27, 801]"
1,0.0011964301412374049,3,"[809, 225, 1022, 521, 852, 21, 316, 1132, 27, 801]"
1,0.0013971894723352873,4,"[65, 1022, 809, 521, 852, 21, 316, 1132, 27, 801]"
1,0.001631635942893885,4,"[669, 809, 1022, 521, 852, 21, 316, 1132, 27, 801]"
1,0.0019054222085523648,7,"[65, 809, 1022, 521, 852, 21, 316, 1132, 27, 801]"
1,0.002225149432786609,7,"[669, 1022, 809, 521, 852, 21, 316, 1132, 27, 801]"
1,0.002598526445218819,13,"[669, 809, 1022, 521, 852, 21, 316, 1132, 27, 801]"
1,0.003034555606472433,14,"[815, 1022, 809, 521, 852, 21, 316, 1132, 27, 801]"
1,0.0035437498608938797,21,"[809, 1022, 815, 852, 521, 21, 316, 1132, 27, 801]"
1,0.004138386210422373,24,"[669, 809, 815, 521, 852, 21, 316, 1132, 27, 801]"
1,0.0048328017210261245,28,"[669, 809, 1022, 521, 852, 21, 316, 1132, 27, 801]"
1,0.005643739198611264,32,"[669, 1022, 809, 521, 852, 21, 316, 1132, 27, 801]"
1,0.006590750868872473,36,"[669, 809, 1022, 521, 852, 21, 316, 1132, 27, 801]"
1,0.007696669794067008,43,"[815, 809, 1022, 521, 852, 21, 316, 1132, 27, 801]"
1,0.008988160392874619,46,"[65, 1022, 809, 521, 852, 21, 316, 1132, 27, 801]"
1,0.010496361336732254,50,"[815, 1022, 809, 521, 852, 21, 316, 1132, 27, 801]"
1,0.012257636323289026,54,"[815, 1022, 809, 521, 852, 21, 316, 1132, 27, 801]"
1,0.014314450828613578,54,"[815, 1022, 809, 521, 852, 21, 316, 1132, 27, 801]"
1,0.01671639597721523,54,"[815, 1022, 809, 521, 852, 21, 316, 1132, 27, 801]"
1,0.019521384216045566,55,"[65, 1022, 809, 521, 852, 21, 316, 1132, 27, 801]"
1,0.022797045620951938,55,"[815, 809, 1022, 521, 852, 21, 316, 1132, 27, 801]"
1,0.026622358501432165,55,"[815, 809, 1022, 521, 852, 21, 316, 1132, 27, 801]"
1,0.031089553618622864,55,"[815, 1022, 809, 521, 852, 21, 316, 1132, 27, 801]"
1,0.03630633792844572,55,"[669, 809, 1022, 521, 852, 21, 316, 1132, 27, 801]"
1,0.042398491465793026,55,"[815, 1022, 809, 521, 852, 21, 316, 1132, 27, 801]"
1,0.04951289998230568,55,"[815, 809, 1022, 521, 852, 21, 316, 1132, 27, 801]"
1,0.05782109645659659,55,"[809, 815, 1022, 521, 852, 21, 316, 1132, 27, 801]"
1,0.06752339686501559,55,"[65, 809, 1022, 521, 852, 21, 316, 1132, 27, 801]"
1,0.0788537299290565,55,"[669, 1022, 809, 521, 852, 21, 316, 1132, 27, 801]"
1,0.09208527728773268,55,"[815, 1022, 809, 521, 852, 21, 316, 1132, 27, 801]"
1,0.10753706008311428,55,"[815, 809, 1022, 852, 521, 21, 316, 1132, 27, 801]"
1,0.12558163076585405,59,"[669, 1022, 809, 521, 852, 21, 316, 1132, 27, 801]"
1,0.14665405557509434,70,"[815, 809, 1022, 521, 852, 21, 316, 1132, 27, 801]"
1,0.17126240426614048,83,"[65, 1022, 809, 521, 852, 21, 316, 1132, 27, 801]"
1,0.20000000000000004,113,"[815, 809, 1022, 521, 852, 21, 316, 1132, 27, 801]"
2,0.0001,0,"[992, 892, 341, 899, 434, 396, 210, 342, 1000, 408]"
2,0.0001167798623737652,0,"[1138, 905, 1023, 626, 952, 1126, 559, 562, 399, 1121]"
2,0.0001363753625603554,0,"[21, 573, 669, 500, 1119, 1130, 16, 792, 167, 1121]"
2,0.00015925896070970654,0,"[792, 631, 739, 895, 16, 1130, 500, 167, 115, 1121]"
2,0.00018598239513468407,0,"[1119, 663, 72, 631, 359, 792, 739, 115, 167, 1121]"
2,0.00021718998507771627,0,"[115, 675, 16, 335, 750, 89, 56, 224, 1121, 167]"
2,0.0002536341656633582,0,"[484, 678, 189, 447, 179, 284, 473, 662, 1041, 1121]"
2,0.00029619362959451735,0,"[792, 895, 1106, 1130, 1119, 500, 16, 115, 1121, 167]"
2,0.00034589451300033727,0,"[791, 632, 1106, 1130, 500, 43, 16, 115, 167, 1121]"
2,0.00040393513624019926,0,"[359, 657, 1130, 16, 792, 739, 43, 115, 167, 1121]"
2,0.0004717148961805861,0,"[16, 1106, 631, 792, 43, 500, 1130, 115, 167, 1121]"
2,0.0005508680065562379,0,"[252, 792, 43, 632, 500, 1130, 1106, 115, 167, 1121]"
2,0.0006433028999174784,0,"[950, 632, 1130, 43, 16, 500, 252, 115, 167, 1121]"
2,0.0007512482411700718,0,"[632, 500, 1119, 792, 1130, 43, 16, 115, 1121, 167]"
2,0.0008773066621237416,0,"[632, 43, 1106, 252, 1130, 16, 500, 115, 167, 1121]"
2,0.0010245175126239797,0,"[1106, 632, 252, 500, 792, 1130, 16, 115, 167, 1121]"
2,0.0011964301412374049,0,"[1106, 500, 1130, 792, 43, 252, 16, 115, 167, 1121]"
2,0.0013971894723352873,0,"[252, 1106, 792, 500, 43, 1130, 16, 115, 167, 1121]"
2,0.001631635942893885,1,"[632, 43, 252, 500, 792, 1130, 16, 115, 167, 1121]"
2,0.0019054222085523648,2,"[792, 632, 252, 1106, 16, 500, 1130, 115, 167, 1121]"
2,0.002225149432786609,5,"[632, 43, 1106, 252, 1130, 500, 16, 115, 167, 1121]"
2,0.002598526445218819,7,"[1106, 252, 792, 1130, 43, 500, 16, 115, 167, 1121]"
2,0.003034555606472433,7,"[43, 792, 1106, 252, 500, 1130, 16, 115, 167, 1121]"
2,0.0035437498608938797,12,"[632, 252, 792, 43, 1130, 500, 16, 115, 167, 1121]"
2,0.004138386210422373,15,"[632, 1106, 43, 252, 500, 1130, 16, 115, 167, 1121]"
2,0.0048328017210261245,22,"[792, 252, 1106, 43, 500, 1130, 16, 115, 167, 1121]"
2,0.005643739198611264,26,"[792, 632, 43, 252, 500, 1130, 16, 115, 167, 1121]"
2,0.006590750868872473,32,"[632, 1106, 252, 43, 1130, 500, 16, 115, 167, 1121]"
2,0.007696669794067008,39,"[792, 43, 1106, 252, 1130, 500, 16, 115, 167, 1121]"
2,0.008988160392874619,47,"[1106, 632, 43, 252, 500, 1130, 16, 115, 167, 1121]"
2,0.010496361336732254,49,"[792, 43, 1106, 252, 1130, 500, 16, 115, 167, 1121]"
2,0.012257636323289026,55,"[792, 1106, 43, 252, 500, 1130, 16, 115, 167, 1121]"
2,0.014314450828613578,61,"[252, 43, 632, 792, 500, 1130, 16, 115, 167, 1121]"
2,0.01671639597721523,61,"[792, 632, 43, 252, 500, 1130, 16, 115, 167, 1121]"
2,0.019521384216045566,63,"[1106, 792, 43, 252, 500, 1130, 16, 115, 167, 1121]"
2,0.022797045620951938,63,"[792, 632, 43, 252, 500, 1130, 16, 115, 167, 1121]"
2,0.026622358501432165,63,"[632, 1106, 43, 252, 1130, 500, 16, 115, 167, 1121]"
2,0.031089553618622864,63,"[1106, 792, 252, 43, 500, 1130, 16, 115, 167, 1121]"
2,0.03630633792844572,63,"[632, 1106, 252, 43, 500, 1130, 16, 115, 167, 1121]"
2,0.042398491465793026,63,"[792, 1106, 252, 43, 500, 1130, 16, 115, 167, 1121]"
2,0.04951289998230568,65,"[632, 792, 43, 252, 500, 1130, 16, 115, 167, 1121]"
2,0.05782109645659659,65,"[1106, 632, 252, 43, 500, 1130, 16, 115, 167, 1121]"
2,0.06752339686501559,65,"[1106, 792, 252, 43, 1130, 500, 16, 115, 167, 1121]"
2,0.0788537299290565,65,"[632, 792, 43, 252, 500, 1130, 16, 115, 167, 1121]"
2,0.09208527728773268,66,"[792, 1106, 252, 43, 500, 1130, 16, 115, 167, 1121]"
2,0.10753706008311428,67,"[792, 43, 632, 252, 500, 1130, 16, 115, 167, 1121]"
2,0.12558163076585405,82,"[632, 1106, 43, 252, 1130, 500, 16, 115, 167, 1121]"
2,0.14665405557509434,100,"[792, 43, 252, 632, 500, 1130, 16, 115, 167, 1121]"
2,0.17126240426614048,147,"[1106, 792, 43, 252, 500, 1130, 16, 115, 167, 1121]"
2,0.20000000000000004,198,"[1106, 632, 43, 252, 500, 1130, 16, 115, 167, 1121]"
3,0.0001,0,"[850, 231, 875, 501, 201, 244, 730, 979, 1081, 912]"
3,0.0001167798623737652,0,"[56, 675, 1040, 750, 247, 582, 822, 335, 224, 560]"
3,0.0001363753625603554,0,"[670, 425, 788, 1071, 164, 1015, 18, 790, 149, 185]"
3,0.00015925896070970654,0,"[356, 571, 128, 911, 313, 131, 123, 122, 125, 217]"
3,0.00018598239513468407,0,"[857, 675, 108, 1039, 931, 330, 229, 349, 157, 612]"
3,0.00021718998507771627,0,"[601, 936, 1055, 189, 1139, 181, 284, 473, 575, 251]"
3,0.0002536341656633582,0,"[809, 674, 557, 289, 1118, 547, 1110, 225, 926, 1037]"
3,0.00029619362959451735,0,"[126, 122, 313, 314, 957, 709, 217, 1128, 1007, 911]"
3,0.00034589451300033727,0,"[399, 1023, 302, 187, 655, 819, 490, 559, 1007, 709]"
3,0.00040393513624019926,0,"[606, 306, 550, 865, 235, 367, 25, 843, 749, 709]"
3,0.0004717148961805861,0,"[519, 522, 142, 1119, 792, 149, 1071, 185, 1015, 416]"
3,0.0005508680065562379,0,"[1126, 1079, 999, 689, 1138, 1129, 937, 833, 709, 293]"
3,0.0006433028999174784,0,"[744, 1024, 382, 995, 1045, 151, 41, 71, 682, 811]"
3,0.0007512482411700718,0,"[332, 1108, 1022, 1110, 547, 815, 834, 814, 701, 709]"
3,0.0008773066621237416,0,"[72, 119, 657, 217, 491, 1100, 911, 1007, 293, 709]"
3,0.0010245175126239797,0,"[256, 1036, 261, 248, 690, 407, 911, 1007, 709, 293]"
3,0.0011964301412374049,0,"[229, 56, 1100, 64, 491, 657, 1007, 911, 293, 709]"
3,0.0013971894723352873,0,"[657, 723, 571, 217, 491, 1054, 1100, 911, 709, 293]"
3,0.001631635942893885,0,"[1054, 926, 1007, 217, 702, 491, 293, 1100, 709, 911]"
3,0.0019054222085523648,0,"[377, 702, 20, 1007, 491, 657, 1100, 911, 709, 293]"
3,0.002225149432786609,0,"[478, 217, 657, 723, 921, 491, 1100, 911, 709, 293]"
3,0.002598526445218819,0,"[377, 217, 1007, 119, 491, 657, 1100, 911, 293, 709]"
3,0.003034555606472433,0,"[723, 1007, 217, 702, 657, 491, 1100, 911, 709, 293]"
3,0.0035437498608938797,0,"[217, 1054, 723, 657, 491, 1007, 1100, 911, 293, 709]"
3,0.004138386210422373,0,"[119, 217, 1054, 657, 1007, 491, 1100, 911, 293, 709]"
3,0.0048328017210261245,1,"[921, 1054, 657, 1007, 217, 491, 1100, 911, 709, 293]"
3,0.005643739198611264,2,"[723, 119, 217, 657, 1007, 491, 1100, 911, 293, 709]"
3,0.006590750868872473,4,"[377, 723, 217, 491, 657, 1007, 1100, 911, 709, 293]"
3,0.007696669794067008,7,"[723, 1054, 217, 491, 657, 1007, 1100, 911, 709, 293]"
3,0.008988160392874619,16,"[1054, 723, 657, 217, 1007, 491, 1100, 911, 293, 709]"
3,0.010496361336732254,21,"[1054, 921, 723, 217, 657, 491, 1100, 911, 293, 709]"
3,0.012257636323289026,27,"[1054, 723, 657, 217, 491, 1007, 1100, 911, 709, 293]"
3,0.014314450828613578,40,"[921, 723, 657, 1007, 217, 491, 1100, 911, 293, 709]"
3,0.01671639597721523,53,"[1054, 723, 217, 657, 1007, 491, 1100, 911, 709, 293]"
3,0.019521384216045566,62,"[571, 723, 217, 1007, 657, 491, 1100, 911, 709, 293]"
3,0.022797045620951938,67,"[723, 1054, 217, 657, 1007, 491, 1100, 911, 709, 293]"
3,0.026622358501432165,75,"[1054, 723, 217, 657, 1007, 491, 1100, 911, 293, 709]"
3,0.031089553618622864,77,"[119, 723, 217, 657, 1007, 491, 1100, 911, 293, 709]"
3,0.03630633792844572,78,"[723, 1054, 217, 657, 1007, 491, 1100, 911, 709, 293]"
3,0.042398491465793026,78,"[119, 723, 217, 1007, 657, 491, 1100, 911, 709, 293]"
3,0.04951289998230568,78,"[1054, 657, 723, 217, 1007, 491, 1100, 911, 709, 293]"
3,0.05782109645659659,78,"[921, 723, 217, 657, 1007, 491, 1100, 911, 709, 293]"
3,0.06752339686501559,78,"[1054, 723, 217, 657, 491, 1007, 1100, 911, 709, 293]"
3,0.0788537299290565,78,"[1054, 723, 217, 657, 1007, 491, 1100, 911, 709, 293]"
3,0.09208527728773268,82,"[1054, 723, 217, 657, 1007, 491, 1100, 911, 709, 293]"
3,0.10753706008311428,83,"[119, 723, 217, 657, 1007, 491, 1100, 911, 293, 709]"
3,0.12558163076585405,88,"[1054, 723, 217, 657, 1007, 491, 1100, 911, 709, 293]"
3,0.14665405557509434,97,"[1054, 723, 217, 657, 1007, 491, 1100, 911, 709, 293]"
3,0.17126240426614048,104,"[119, 723, 217, 657, 491, 1007, 1100, 911, 709, 293]"
3,0.20000000000000004,141,"[1054, 723, 217, 657, 491, 1007, 1100, 911, 709, 293]"
4,0.0001,0,"[1097, 180, 448, 654, 65, 926, 557, 116, 674, 1088]"
4,0.0001167798623737652,0,"[757, 627, 731, 1054, 749, 1010, 445, 606, 722, 621]"
4,0.0001363753625603554,0,"[371, 439, 798, 178, 720, 759, 510, 808, 1077, 647]"
4,0.00015925896070970654,0,"[506, 229, 750, 407, 1115, 247, 861, 1094, 80, 56]"
4,0.00018598239513468407,0,"[860, 1029, 559, 1126, 905, 490, 393, 340, 778, 999]"
4,0.00021718998507771627,0,"[121, 612, 229, 675, 750, 56, 105, 224, 1040, 902]"
4,0.0002536341656633582,0,"[748, 509, 269, 716, 437, 1050, 945, 853, 597, 800]"
4,0.00029619362959451735,0,"[1112, 137, 1141, 140, 1067, 306, 5, 731, 955, 256]"
4,0.00034589451300033727,0,"[640, 657, 722, 9, 312, 763, 921, 478, 571, 42]"
4,0.00040393513624019926,0,"[711, 377, 1096, 511, 134, 1117, 574, 149, 1071, 903]"
4,0.0004717148961805861,0,"[968, 44, 743, 1052, 459, 41, 931, 546, 253, 370]"
4,0.0005508680065562379,0,"[437, 134, 522, 796, 508, 376, 113, 826, 336, 728]"
4,0.0006433028999174784,0,"[1072, 1086, 690, 1094, 311, 724, 789, 191, 168, 596]"
4,0.0007512482411700718,0,"[764, 1025, 575, 771, 179, 1055, 473, 169, 251, 320]"
4,0.0008773066621237416,0,"[902, 56, 33, 224, 1049, 411, 847, 572, 1143, 64]"
4,0.0010245175126239797,0,"[902, 263, 934, 131, 238, 1096, 574, 1031, 129, 411]"
4,0.0011964301412374049,0,"[945, 595, 597, 436, 665, 264, 50, 129, 131, 411]"
4,0.0013971894723352873,0,"[19, 1037, 180, 809, 654, 674, 894, 1110, 926, 925]"
4,0.001631635942893885,0,"[133, 511, 1031, 309, 126, 574, 131, 840, 411, 129]"
4,0.0019054222085523648,0,"[219, 861, 1094, 309, 131, 840, 133, 1031, 411, 129]"
4,0.002225149432786609,0,"[487, 309, 49, 840, 123, 1031, 131, 839, 411, 129]"
4,0.002598526445218819,0,"[80, 504, 1115, 309, 123, 840, 126, 131, 411, 129]"
4,0.003034555606472433,0,"[242, 126, 839, 133, 309, 1031, 131, 840, 411, 129]"
4,0.0035437498608938797,0,"[128, 1031, 133, 126, 309, 840, 123, 131, 129, 411]"
4,0.004138386210422373,0,"[839, 1031, 286, 840, 123, 309, 126, 131, 411, 129]"
4,0.0048328017210261245,0,"[839, 1031, 133, 123, 126, 309, 840, 131, 411, 129]"
4,0.005643739198611264,0,"[128, 985, 309, 133, 126, 123, 840, 129, 131, 411]"
4,0.006590750868872473,0,"[839, 1031, 133, 123, 126, 309, 840, 131, 129, 411]"
4,0.007696669794067008,3,"[839, 1031, 123, 133, 309, 126, 840, 131, 411, 129]"
4,0.008988160392874619,4,"[839, 985, 133, 309, 123, 840, 126, 131, 129, 411]"
4,0.010496361336732254,5,"[839, 985, 123, 133, 309, 126, 840, 131, 129, 411]"
4,0.012257636323289026,11,"[839, 1031, 133, 123, 126, 309, 840, 131, 411, 129]"
4,0.014314450828613578,13,"[985, 1031, 133, 123, 126, 309, 840, 131, 129, 411]"
4,0.01671639597721523,18,"[128, 1031, 309, 133, 123, 126, 840, 131, 129, 411]"
4,0.019521384216045566,30,"[839, 1031, 133, 123, 840, 126, 309, 131, 411, 129]"
4,0.022797045620951938,41,"[839, 1031, 133, 126, 123, 309, 840, 131, 129, 411]"
4,0.026622358501432165,51,"[128, 1031, 133, 309, 126, 123, 840, 131, 129, 411]"
4,0.031089553618622864,62,"[839, 1031, 133, 123, 126, 309, 840, 131, 129, 411]"
4,0.03630633792844572,70,"[839, 1031, 133, 309, 123, 840, 126, 131, 411, 129]"
4,0.042398491465793026,72,"[839, 1031, 133, 309, 123, 126, 840, 131, 129, 411]"
4,0.04951289998230568,74,"[839, 1031, 133, 126, 309, 123, 840, 131, 129, 411]"
4,0.05782109645659659,74,"[839, 1031, 133, 123, 126, 309, 840, 131, 129, 411]"
4,0.06752339686501559,74,"[1031, 839, 133, 309, 123, 840, 126, 131, 411, 129]"
4,0.0788537299290565,76,"[1031, 839, 133, 309, 126, 123, 840, 131, 129, 411]"
4,0.09208527728773268,79,"[839, 1031, 133, 123, 309, 126, 840, 131, 129, 411]"
4,0.10753706008311428,92,"[985, 1031, 133, 123, 126, 309, 840, 131, 129, 411]"
4,0.12558163076585405,94,"[839, 1031, 133, 309, 123, 840, 126, 131, 129, 411]"
4,0.14665405557509434,101,"[839, 1031, 133, 309, 123, 840, 126, 131, 129, 411]"
4,0.17126240426614048,108,"[839, 1031, 133, 123, 126, 309, 840, 131, 129, 411]"
4,0.20000000000000004,141,"[1031, 839, 133, 123, 309, 126, 840, 131, 411, 129]"
5,0.0001,1,"[29, 941, 238, 803, 263, 1096, 915, 903, 511, 776]"
5,0.0001167798623737652,1,"[309, 358, 128, 744, 131, 123, 122, 125, 145, 776]"
5,0.0001363753625603554,1,"[416, 534, 405, 1008, 1094, 861, 191, 1115, 92, 776]"
5,0.00015925896070970654,1,"[766, 1071, 1096, 90, 37, 519, 425, 1015, 149, 776]"
5,0.00018598239513468407,1,"[468, 320, 189, 179, 807, 473, 662, 169, 145, 776]"
5,0.00021718998507771627,1,"[270, 551, 330, 161, 1052, 214, 744, 358, 145, 776]"
5,0.0002536341656633582,1,"[815, 1056, 658, 455, 270, 193, 589, 901, 253, 776]"
5,0.00029619362959451735,1,"[707, 551, 609, 161, 1052, 214, 744, 358, 145, 776]"
5,0.00034589451300033727,1,"[122, 123, 551, 125, 214, 161, 358, 744, 145, 776]"
5,0.00040393513624019926,1,"[707, 270, 744, 551, 161, 1052, 358, 214, 145, 776]"
5,0.0004717148961805861,1,"[253, 551, 161, 358, 214, 270, 1052, 744, 145, 776]"
5,0.0005508680065562379,1,"[609, 270, 1052, 551, 161, 214, 744, 358, 145, 776]"
5,0.0006433028999174784,1,"[253, 551, 270, 161, 1052, 744, 214, 358, 145, 776]"
5,0.0007512482411700718,1,"[253, 161, 270, 551, 214, 1052, 744, 358, 145, 776]"
5,0.0008773066621237416,1,"[253, 551, 270, 161, 744, 1052, 358, 214, 145, 776]"
5,0.0010245175126239797,1,"[253, 270, 551, 161, 1052, 214, 744, 358, 145, 776]"
5,0.0011964301412374049,1,"[71, 270, 161, 551, 1052, 744, 214, 358, 145, 776]"
5,0.0013971894723352873,1,"[253, 270, 161, 551, 1052, 214, 744, 358, 145, 776]"
5,0.001631635942893885,2,"[253, 270, 551, 161, 744, 1052, 214, 358, 145, 776]"
5,0.0019054222085523648,6,"[253, 270, 161, 551, 744, 1052, 214, 358, 145, 776]"
5,0.002225149432786609,6,"[253, 270, 161, 551, 744, 214, 1052, 358, 145, 776]"
5,0.002598526445218819,7,"[253, 270, 161, 551, 1052, 744, 214, 358, 145, 776]"
5,0.003034555606472433,11,"[253, 270, 551, 161, 1052, 214, 744, 358, 145, 776]"
5,0.0035437498608938797,14,"[253, 270, 161, 551, 1052, 214, 744, 358, 145, 776]"
5,0.004138386210422373,18,"[253, 270, 551, 161, 1052, 214, 744, 358, 145, 776]"
5,0.0048328017210261245,29,"[253, 270, 551, 161, 1052, 214, 744, 358, 145, 776]"
5,0.005643739198611264,34,"[253, 270, 161, 551, 1052, 214, 744, 358, 145, 776]"
5,0.006590750868872473,47,"[253, 270, 551, 161, 1052, 744, 214, 358, 145, 776]"
5,0.007696669794067008,51,"[253, 270, 161, 551, 1052, 214, 744, 358, 145, 776]"
5,0.008988160392874619,54,"[253, 270, 161, 551, 1052, 214, 744, 358, 145, 776]"
5,0.010496361336732254,68,"[253, 270, 551, 161, 1052, 214, 744, 358, 145, 776]"
5,0.012257636323289026,71,"[253, 270, 161, 551, 1052, 744, 214, 358, 145, 776]"
5,0.014314450828613578,75,"[253, 270, 551, 161, 1052, 214, 744, 358, 145, 776]"
5,0.01671639597721523,78,"[253, 270, 161, 551, 1052, 744, 214, 358, 145, 776]"
5,0.019521384216045566,79,"[253, 270, 161, 551, 1052, 214, 744, 358, 145, 776]"
5,0.022797045620951938,80,"[253, 270, 551, 161, 1052, 214, 744, 358, 145, 776]"
5,0.026622358501432165,82,"[253, 270, 551, 161, 1052, 214, 744, 358, 145, 776]"
5,0.031089553618622864,82,"[253, 270, 551, 161, 1052, 214, 744, 358, 145, 776]"
5,0.03630633792844572,82,"[253, 270, 161, 551, 1052, 214, 744, 358, 145, 776]"
5,0.042398491465793026,82,"[253, 270, 551, 161, 1052, 214, 744, 358, 145, 776]"
5,0.04951289998230568,83,"[253, 270, 551, 161, 1052, 744, 214, 358, 145, 776]"
5,0.05782109645659659,83,"[253, 270, 161, 551, 1052, 214, 744, 358, 145, 776]"
5,0.06752339686501559,86,"[253, 270, 161, 551, 214, 1052, 744, 358, 145, 776]"
5,0.0788537299290565,88,"[253, 270, 551, 161, 1052, 214, 744, 358, 145, 776]"
5,0.09208527728773268,91,"[253, 270, 161, 551, 1052, 214, 744, 358, 145, 776]"
5,0.10753706008311428,93,"[253, 270, 551, 161, 1052, 214, 744, 358, 145, 776]"
5,0.12558163076585405,96,"[253, 270, 551, 161, 1052, 214, 744, 358, 145, 776]"
5,0.14665405557509434,106,"[253, 270, 161, 551, 1052, 744, 214, 358, 145, 776]"
5,0.17126240426614048,125,"[253, 270, 551, 161, 1052, 214, 744, 358, 145, 776]"
5,0.20000000000000004,145,"[253, 270, 551, 161, 1052, 214, 744, 358, 145, 776]"
6,0.0001,1,"[169, 1041, 179, 305, 662, 37, 319, 12, 469, 258]"
6,0.0001167798623737652,1,"[832, 472, 89, 56, 1040, 1049, 224, 33, 902, 258]"
6,0.0001363753625603554,1,"[469, 455, 927, 1056, 109, 547, 289, 12, 319, 258]"
6,0.00015925896070970654,1,"[556, 327, 988, 1065, 37, 469, 109, 12, 319, 258]"
6,0.00018598239513468407,1,"[816, 162, 109, 556, 59, 460, 12, 469, 319, 258]"
6,0.00021718998507771627,1,"[774, 279, 766, 512, 37, 109, 469, 12, 319, 258]"
6,0.0002536341656633582,1,"[853, 319, 216, 835, 901, 47, 1011, 531, 109, 258]"
6,0.00029619362959451735,1,"[1115, 80, 861, 247, 469, 12, 512, 319, 109, 258]"
6,0.00034589451300033727,1,"[107, 477, 279, 871, 469, 216, 12, 319, 109, 258]"
6,0.00040393513624019926,1,"[279, 774, 871, 164, 469, 216, 12, 109, 319, 258]"
6,0.0004717148961805861,1,"[925, 12, 164, 279, 216, 469, 319, 512, 109, 258]"
6,0.0005508680065562379,1,"[279, 469, 766, 216, 164, 871, 12, 109, 319, 258]"
6,0.0006433028999174784,1,"[924, 512, 279, 477, 469, 12, 216, 109, 319, 258]"
6,0.0007512482411700718,1,"[512, 107, 477, 279, 469, 216, 12, 319, 109, 258]"
6,0.0008773066621237416,1,"[512, 774, 279, 489, 216, 469, 12, 319, 109, 258]"
6,0.0010245175126239797,1,"[871, 164, 774, 279, 216, 469, 12, 319, 109, 258]"
6,0.0011964301412374049,1,"[107, 774, 512, 279, 12, 469, 216, 319, 109, 258]"
6,0.0013971894723352873,1,"[107, 766, 774, 279, 216, 469, 12, 319, 109, 258]"
6,0.001631635942893885,1,"[107, 512, 774, 279, 216, 469, 12, 319, 109, 258]"
6,0.0019054222085523648,4,"[489, 512, 774, 279, 216, 469, 12, 319, 109, 258]"
6,0.002225149432786609,8,"[512, 766, 774, 279, 216, 469, 12, 319, 109, 258]"
6,0.002598526445218819,9,"[489, 512, 774, 279, 216, 469, 12, 319, 109, 258]"
6,0.003034555606472433,16,"[766, 512, 774, 279, 216, 469, 12, 319, 109, 258]"
6,0.0035437498608938797,19,"[766, 512, 774, 279, 469, 216, 12, 319, 109, 258]"
6,0.004138386210422373,27,"[766, 512, 774, 279, 216, 469, 12, 319, 109, 258]"
6,0.0048328017210261245,35,"[766, 512, 774, 279, 216, 469, 12, 319, 109, 258]"
6,0.005643739198611264,43,"[766, 774, 512, 279, 216, 469, 12, 319, 109, 258]"
6,0.006590750868872473,47,"[766, 512, 774, 279, 216, 469, 12, 319, 109, 258]"
6,0.007696669794067008,52,"[766, 512, 774, 279, 216, 469, 12, 319, 109, 258]"
6,0.008988160392874619,56,"[107, 512, 774, 279, 216, 469, 12, 319, 109, 258]"
6,0.010496361336732254,58,"[766, 512, 774, 279, 216, 469, 12, 319, 109, 258]"
6,0.012257636323289026,59,"[107, 512, 774, 279, 216, 469, 12, 319, 109, 258]"
6,0.014314450828613578,59,"[766, 512, 774, 279, 216, 469, 12, 319, 109, 258]"
6,0.01671639597721523,60,"[766, 512, 774, 279, 469, 216, 12, 319, 109, 258]"
6,0.019521384216045566,61,"[512, 774, 766, 279, 216, 469, 12, 319, 109, 258]"
6,0.022797045620951938,61,"[766, 512, 774, 279, 216, 469, 12, 319, 109, 258]"
6,0.026622358501432165,61,"[766, 512, 774, 279, 216, 469, 12, 319, 109, 258]"
6,0.031089553618622864,61,"[766, 512, 774, 279, 216, 469, 12, 319, 109, 258]"
6,0.03630633792844572,61,"[766, 512, 774, 279, 216, 469, 12, 319, 109, 258]"
6,0.042398491465793026,61,"[512, 766, 774, 279, 216, 469, 12, 319, 109, 258]"
6,0.04951289998230568,61,"[766, 512, 774, 279, 216, 469, 12, 319, 109, 258]"
6,0.05782109645659659,61,"[766, 774, 512, 279, 216, 469, 12, 319, 109, 258]"
6,0.06752339686501559,61,"[766, 512, 774, 279, 216, 469, 12, 319, 109, 258]"
6,0.0788537299290565,61,"[766, 774, 512, 279, 216, 469, 12, 319, 109, 258]"
6,0.09208527728773268,61,"[766, 512, 774, 279, 216, 469, 12, 319, 109, 258]"
6,0.10753706008311428,65,"[107, 512, 774, 279, 216, 469, 12, 319, 109, 258]"
6,0.12558163076585405,75,"[766, 512, 774, 279, 469, 216, 12, 319, 109, 258]"
6,0.14665405557509434,98,"[766, 774, 512, 279, 216, 469, 12, 319, 109, 258]"
6,0.17126240426614048,135,"[766, 512, 774, 279, 216, 469, 12, 319, 109, 258]"
6,0.20000000000000004,198,"[766, 774, 512, 279, 216, 469, 12, 319, 109, 258]"
7,0.0001,0,"[95, 699, 92, 837, 1115, 405, 1094, 511, 937, 1129]"
7,0.0001167798623737652,0,"[149, 263, 1096, 1015, 511, 1071, 903, 574, 833, 1129]"
7,0.0001363753625603554,0,"[632, 500, 385, 1060, 280, 1130, 416, 964, 142, 1129]"
7,0.00015925896070970654,0,"[624, 657, 650, 228, 820, 960, 302, 937, 833, 1129]"
7,0.00018598239513468407,0,"[899, 1023, 302, 629, 689, 1138, 937, 833, 75, 1129]"
7,0.00021718998507771627,0,"[349, 326, 41, 214, 253, 182, 743, 44, 833, 1129]"
7,0.0002536341656633582,0,"[959, 506, 789, 311, 724, 168, 937, 833, 75, 1129]"
7,0.00029619362959451735,0,"[655, 1023, 689, 629, 1138, 302, 937, 75, 833, 1129]"
7,0.00034589451300033727,0,"[689, 876, 655, 1138, 302, 629, 937, 75, 833, 1129]"
7,0.00040393513624019926,0,"[1138, 819, 937, 629, 655, 876, 302, 75, 833, 1129]"
7,0.0004717148961805861,0,"[1023, 302, 804, 420, 629, 937, 655, 75, 833, 1129]"
7,0.0005508680065562379,0,"[1023, 876, 1138, 655, 937, 629, 302, 75, 833, 1129]"
7,0.0006433028999174784,0,"[148, 804, 629, 1138, 655, 302, 937, 75, 833, 1129]"
7,0.0007512482411700718,0,"[804, 1138, 876, 629, 655, 937, 302, 75, 833, 1129]"
7,0.0008773066621237416,0,"[629, 1023, 804, 655, 1138, 302, 937, 75, 833, 1129]"
7,0.0010245175126239797,0,"[1023, 876, 1138, 629, 655, 302, 937, 75, 833, 1129]"
7,0.0011964301412374049,0,"[1023, 876, 1138, 655, 629, 302, 937, 75, 833, 1129]"
7,0.0013971894723352873,0,"[876, 1023, 629, 1138, 655, 302, 937, 75, 833, 1129]"
7,0.001631635942893885,3,"[876, 1023, 655, 1138, 629, 302, 937, 75, 833, 1129]"
7,0.0019054222085523648,5,"[1023, 876, 1138, 629, 655, 937, 302, 75, 833, 1129]"
7,0.002225149432786609,7,"[1023, 876, 1138, 629, 655, 302, 937, 75, 833, 1129]"
7,0.002598526445218819,16,"[420, 876, 1138, 629, 655, 937, 302, 75, 833, 1129]"
7,0.003034555606472433,22,"[876, 1023, 655, 629, 1138, 302, 937, 75, 833, 1129]"
7,0.0035437498608938797,27,"[1023, 876, 1138, 629, 655, 302, 937, 75, 833, 1129]"
7,0.004138386210422373,41,"[1023, 876, 629, 1138, 655, 302, 937, 75, 833, 1129]"
7,0.0048328017210261245,50,"[1023, 876, 1138, 629, 655, 302, 937, 75, 833, 1129]"
7,0.005643739198611264,57,"[420, 876, 1138, 655, 629, 302, 937, 75, 833, 1129]"
7,0.006590750868872473,65,"[1023, 876, 1138, 655, 629, 302, 937, 75, 833, 1129]"
7,0.007696669794067008,75,"[1023, 876, 1138, 629, 655, 302, 937, 75, 833, 1129]"
7,0.008988160392874619,82,"[1023, 876, 1138, 629, 655, 302, 937, 75, 833, 1129]"
7,0.010496361336732254,86,"[1023, 1138, 876, 629, 655, 302, 937, 75, 833, 1129]"
7,0.012257636323289026,89,"[876, 1023, 1138, 655, 629, 302, 937, 75, 833, 1129]"
7,0.014314450828613578,92,"[1023, 876, 655, 1138, 629, 302, 937, 75, 833, 1129]"
7,0.01671639597721523,93,"[1023, 876, 655, 1138, 629, 302, 937, 75, 833, 1129]"
7,0.019521384216045566,94,"[1023, 876, 655, 1138, 629, 302, 937, 75, 833, 1129]"
7,0.022797045620951938,94,"[1023, 876, 1138, 629, 655, 302, 937, 75, 833, 1129]"
7,0.026622358501432165,95,"[1023, 876, 1138, 655, 629, 302, 937, 75, 833, 1129]"
7,0.031089553618622864,95,"[1023, 876, 1138, 629, 655, 302, 937, 75, 833, 1129]"
7,0.03630633792844572,95,"[1023, 876, 1138, 629, 655, 302, 937, 75, 833, 1129]"
7,0.042398491465793026,95,"[420, 876, 1138, 629, 655, 302, 937, 75, 833, 1129]"
7,0.04951289998230568,96,"[1023, 876, 1138, 655, 629, 302, 937, 75, 833, 1129]"
7,0.05782109645659659,96,"[1023, 876, 655, 1138, 629, 302, 937, 75, 833, 1129]"
7,0.06752339686501559,96,"[1023, 876, 629, 655, 1138, 302, 937, 75, 833, 1129]"
7,0.0788537299290565,97,"[1023, 876, 1138, 629, 655, 302, 937, 75, 833, 1129]"
7,0.09208527728773268,98,"[1023, 876, 1138, 629, 655, 302, 937, 75, 833, 1129]"
7,0.10753706008311428,102,"[1023, 876, 1138, 629, 655, 302, 937, 75, 833, 1129]"
7,0.12558163076585405,106,"[1023, 876, 1138, 655, 629, 302, 937, 75, 833, 1129]"
7,0.14665405557509434,118,"[876, 1023, 1138, 629, 655, 302, 937, 75, 833, 1129]"
7,0.17126240426614048,131,"[1023, 876, 1138, 629, 655, 302, 937, 75, 833, 1129]"
7,0.20000000000000004,145,"[1023, 876, 1138, 655, 629, 302, 937, 75, 833, 1129]"
8,0.0001,0,"[402, 581, 8, 556, 172, 892, 389, 341, 342, 337]"
8,0.0001167798623737652,0,"[490, 858, 444, 411, 985, 131, 123, 122, 126, 125]"
8,0.0001363753625603554,0,"[305, 27, 669, 85, 678, 800, 1118, 834, 1022, 221]"
8,0.00015925896070970654,0,"[824, 125, 729, 1122, 231, 638, 57, 531, 624, 123]"
8,0.00018598239513468407,0,"[603, 160, 123, 13, 411, 799, 131, 125, 122, 126]"
8,0.00021718998507771627,0,"[172, 893, 59, 1001, 892, 1000, 337, 389, 341, 283]"
8,0.0002536341656633582,0,"[1037, 1132, 547, 926, 1110, 894, 1056, 455, 1108, 225]"
8,0.00029619362959451735,0,"[496, 557, 132, 332, 126, 589, 122, 125, 131, 123]"
8,0.00034589451300033727,0,"[818, 535, 173, 524, 997, 898, 193, 829, 922, 899]"
8,0.00040393513624019926,0,"[94, 101, 364, 70, 531, 186, 765, 615, 835, 753]"
8,0.0004717148961805861,0,"[861, 30, 1034, 596, 404, 806, 685, 391, 1094, 582]"
8,0.0005508680065562379,0,"[455, 852, 801, 815, 316, 669, 1132, 27, 1056, 225]"
8,0.0006433028999174784,0,"[614, 444, 122, 131, 582, 125, 822, 123, 1040, 206]"
8,0.0007512482411700718,0,"[892, 299, 899, 893, 582, 188, 1040, 725, 822, 206]"
8,0.0008773066621237416,0,"[892, 342, 982, 299, 582, 725, 278, 206, 899, 188]"
8,0.0010245175126239797,0,"[462, 1040, 186, 642, 696, 614, 444, 188, 725, 582]"
8,0.0011964301412374049,0,"[1110, 1056, 455, 289, 926, 444, 582, 1040, 206, 614]"
8,0.0013971894723352873,0,"[557, 725, 335, 333, 683, 614, 1040, 206, 582, 444]"
8,0.001631635942893885,0,"[1049, 335, 822, 725, 444, 188, 1040, 206, 614, 582]"
8,0.0019054222085523648,0,"[591, 108, 333, 194, 725, 444, 614, 582, 1040, 206]"
8,0.002225149432786609,0,"[188, 822, 335, 1049, 444, 206, 725, 614, 1040, 582]"
8,0.002598526445218819,0,"[524, 335, 725, 1049, 683, 444, 614, 206, 582, 1040]"
8,0.003034555606472433,0,"[194, 612, 1049, 683, 725, 582, 614, 444, 206, 1040]"
8,0.0035437498608938797,0,"[822, 335, 1049, 683, 725, 614, 444, 206, 1040, 582]"
8,0.004138386210422373,0,"[194, 822, 335, 1049, 444, 614, 725, 206, 1040, 582]"
8,0.0048328017210261245,0,"[524, 194, 1049, 683, 614, 206, 725, 444, 1040, 582]"
8,0.005643739198611264,1,"[194, 335, 683, 1049, 725, 444, 614, 206, 582, 1040]"
8,0.006590750868872473,2,"[194, 683, 822, 335, 614, 725, 444, 206, 1040, 582]"
8,0.007696669794067008,8,"[524, 822, 335, 1049, 725, 444, 614, 206, 582, 1040]"
8,0.008988160392874619,22,"[822, 194, 335, 1049, 725, 614, 206, 444, 1040, 582]"
8,0.010496361336732254,32,"[822, 683, 1049, 335, 725, 444, 614, 206, 1040, 582]"
8,0.012257636323289026,42,"[194, 335, 683, 1049, 725, 444, 614, 206, 582, 1040]"
8,0.014314450828613578,55,"[822, 683, 1049, 335, 725, 614, 444, 206, 582, 1040]"
8,0.01671639597721523,63,"[822, 1049, 194, 335, 725, 444, 614, 206, 582, 1040]"
8,0.019521384216045566,70,"[591, 194, 335, 1049, 725, 614, 444, 206, 1040, 582]"
8,0.022797045620951938,74,"[194, 1049, 683, 335, 725, 444, 614, 582, 206, 1040]"
8,0.026622358501432165,75,"[194, 1049, 683, 335, 725, 614, 444, 206, 582, 1040]"
8,0.031089553618622864,77,"[194, 335, 683, 1049, 725, 444, 614, 206, 582, 1040]"
8,0.03630633792844572,79,"[822, 683, 335, 1049, 725, 614, 444, 206, 1040, 582]"
8,0.042398491465793026,79,"[822, 683, 335, 1049, 725, 444, 614, 206, 1040, 582]"
8,0.04951289998230568,79,"[683, 194, 335, 1049, 725, 444, 614, 206, 582, 1040]"
8,0.05782109645659659,79,"[822, 683, 335, 1049, 725, 444, 614, 582, 206, 1040]"
8,0.06752339686501559,79,"[683, 822, 335, 1049, 725, 614, 444, 206, 582, 1040]"
8,0.0788537299290565,81,"[194, 683, 335, 1049, 725, 614, 444, 206, 582, 1040]"
8,0.09208527728773268,84,"[683, 822, 335, 1049, 725, 444, 614, 206, 1040, 582]"
8,0.10753706008311428,89,"[822, 683, 335, 1049, 725, 614, 444, 206, 582, 1040]"
8,0.12558163076585405,101,"[194, 683, 335, 1049, 725, 614, 444, 582, 206, 1040]"
8,0.14665405557509434,128,"[683, 194, 1049, 335, 725, 614, 444, 206, 1040, 582]"
8,0.17126240426614048,157,"[822, 335, 683, 1049, 725, 614, 444, 206, 1040, 582]"
8,0.20000000000000004,199,"[683, 194, 1049, 335, 725, 444, 614, 206, 582, 1040]"
9,0.0001,0,"[349, 968, 857, 910, 737, 931, 535, 326, 86, 995]"
9,0.0001167798623737652,0,"[1088, 180, 116, 525, 122, 901, 123, 802, 574, 125]"
9,0.0001363753625603554,0,"[739, 989, 440, 1020, 507, 385, 14, 134, 984, 280]"
9,0.00015925896070970654,0,"[153, 415, 385, 280, 1095, 522, 100, 142, 134, 416]"
9,0.00018598239513468407,0,"[125, 123, 634, 468, 413, 868, 394, 78, 153, 1095]"
9,0.00021718998507771627,0,"[1071, 1096, 1063, 670, 1015, 18, 575, 425, 185, 149]"
9,0.0002536341656633582,0,"[1055, 979, 244, 231, 102, 850, 195, 501, 482, 575]"
9,0.00029619362959451735,0,"[938, 202, 269, 1050, 346, 223, 919, 520, 300, 473]"
9,0.00034589451300033727,0,"[57, 1081, 912, 979, 646, 247, 332, 645, 624, 575]"
9,0.00040393513624019926,0,"[657, 482, 870, 709, 20, 57, 1065, 473, 293, 575]"
9,0.0004717148961805861,0,"[614, 750, 472, 64, 1055, 56, 656, 229, 807, 473]"
9,0.0005508680065562379,0,"[394, 56, 153, 1015, 868, 468, 807, 1055, 575, 473]"
9,0.0006433028999174784,0,"[488, 807, 189, 257, 153, 169, 1055, 468, 473, 575]"
9,0.0007512482411700718,0,"[991, 413, 1055, 868, 394, 1095, 575, 468, 153, 473]"
9,0.0008773066621237416,0,"[1055, 488, 257, 1142, 189, 868, 153, 468, 575, 473]"
9,0.0010245175126239797,0,"[257, 1055, 198, 473, 868, 394, 1095, 468, 575, 153]"
9,0.0011964301412374049,0,"[1095, 257, 868, 1142, 394, 153, 1055, 468, 575, 473]"
9,0.0013971894723352873,0,"[257, 1095, 1142, 868, 1055, 394, 473, 153, 468, 575]"
9,0.001631635942893885,0,"[807, 1095, 868, 257, 394, 1055, 468, 153, 473, 575]"
9,0.0019054222085523648,0,"[807, 394, 1055, 257, 1142, 868, 153, 468, 575, 473]"
9,0.002225149432786609,0,"[1095, 868, 257, 1142, 1055, 394, 153, 468, 473, 575]"
9,0.002598526445218819,1,"[1142, 257, 807, 394, 868, 153, 1055, 468, 473, 575]"
9,0.003034555606472433,1,"[1142, 1095, 257, 1055, 868, 394, 468, 153, 575, 473]"
9,0.0035437498608938797,4,"[1142, 1095, 257, 868, 394, 1055, 153, 468, 575, 473]"
9,0.004138386210422373,9,"[1095, 257, 868, 394, 1142, 1055, 153, 468, 473, 575]"
9,0.0048328017210261245,11,"[807, 1142, 868, 257, 394, 1055, 153, 468, 575, 473]"
9,0.005643739198611264,21,"[807, 1142, 257, 868, 394, 1055, 153, 468, 473, 575]"
9,0.006590750868872473,30,"[1095, 1055, 394, 257, 1142, 868, 153, 468, 575, 473]"
9,0.007696669794067008,42,"[1142, 1095, 257, 394, 1055, 868, 468, 153, 575, 473]"
9,0.008988160392874619,48,"[1142, 1095, 868, 1055, 394, 257, 153, 468, 473, 575]"
9,0.010496361336732254,50,"[1142, 1095, 394, 868, 257, 1055, 153, 468, 473, 575]"
9,0.012257636323289026,63,"[1095, 1142, 868, 394, 257, 1055, 153, 468, 473, 575]"
9,0.014314450828613578,65,"[1095, 257, 868, 1142, 394, 1055, 153, 468, 575, 473]"
9,0.01671639597721523,69,"[1095, 1142, 257, 868, 394, 1055, 153, 468, 575, 473]"
9,0.019521384216045566,69,"[1142, 1095, 257, 868, 394, 1055, 153, 468, 473, 575]"
9,0.022797045620951938,69,"[1095, 1142, 394, 257, 868, 1055, 468, 153, 473, 575]"
9,0.026622358501432165,69,"[1095, 257, 868, 394, 1055, 1142, 153, 468, 575, 473]"
9,0.031089553618622864,69,"[807, 1095, 868, 257, 394, 1055, 153, 468, 575, 473]"
9,0.03630633792844572,69,"[1095, 868, 1142, 257, 394, 1055, 153, 468, 575, 473]"
9,0.042398491465793026,69,"[1095, 1142, 257, 394, 868, 1055, 153, 468, 575, 473]"
9,0.04951289998230568,69,"[807, 1142, 257, 868, 394, 1055, 153, 468, 575, 473]"
9,0.05782109645659659,69,"[1095, 1142, 257, 868, 1055, 394, 153, 468, 473, 575]"
9,0.06752339686501559,69,"[1095, 1142, 868, 257, 1055, 394, 153, 468, 575, 473]"
9,0.0788537299290565,72,"[1095, 1142, 394, 868, 257, 1055, 153, 468, 575, 473]"
9,0.09208527728773268,75,"[1095, 1142, 868, 257, 394, 1055, 153, 468, 575, 473]"
9,0.10753706008311428,78,"[1095, 1142, 257, 394, 868, 1055, 153, 468, 575, 473]"
9,0.12558163076585405,89,"[1095, 1142, 394, 868, 257, 1055, 468, 153, 575, 473]"
9,0.14665405557509434,107,"[1095, 1142, 394, 257, 868, 1055, 153, 468, 575, 473]"
9,0.17126240426614048,141,"[1095, 1142, 257, 868, 1055, 394, 153, 468, 575, 473]"
9,0.20000000000000004,200,"[1095, 1142, 868, 394, 257, 1055, 153, 468, 575, 473]"
10,0.0001,0,"[694, 256, 411, 799, 131, 129, 126, 122, 123, 125]"
10,0.0001167798623737652,0,"[1115, 560, 861, 724, 530, 1094, 1086, 247, 80, 506]"
10,0.0001363753625603554,0,"[259, 555, 459, 71, 661, 169, 41, 179, 662, 305]"
10,0.00015925896070970654,0,"[102, 139, 175, 1082, 201, 980, 352, 653, 176, 403]"
10,0.00018598239513468407,0,"[443, 646, 979, 730, 912, 482, 1136, 729, 624, 332]"
10,0.00021718998507771627,0,"[214, 609, 551, 968, 317, 1024, 358, 145, 161, 744]"
10,0.0002536341656633582,0,"[46, 434, 59, 390, 408, 985, 123, 122, 126, 125]"
10,0.00029619362959451735,0,"[596, 365, 727, 327, 1094, 724, 861, 247, 452, 1107]"
10,0.00034589451300033727,0,"[1055, 447, 555, 661, 662, 807, 473, 189, 179, 169]"
10,0.00040393513624019926,0,"[819, 791, 339, 1028, 885, 754, 635, 187, 1111, 681]"
10,0.0004717148961805861,0,"[876, 999, 819, 986, 960, 302, 559, 804, 778, 490]"
10,0.0005508680065562379,0,"[546, 44, 516, 383, 253, 151, 811, 71, 41, 221]"
10,0.0006433028999174784,0,"[898, 892, 389, 342, 408, 341, 922, 59, 337, 556]"
10,0.0007512482411700718,0,"[728, 792, 1030, 280, 507, 984, 1020, 522, 134, 221]"
10,0.0008773066621237416,0,"[316, 1097, 180, 1132, 531, 1056, 1110, 455, 1030, 221]"
10,0.0010245175126239797,0,"[97, 842, 1076, 31, 537, 526, 765, 1030, 221, 203]"
10,0.0011964301412374049,0,"[241, 490, 778, 353, 1029, 1007, 1030, 860, 673, 221]"
10,0.0013971894723352873,0,"[1094, 699, 247, 537, 765, 526, 1076, 1030, 203, 221]"
10,0.001631635942893885,0,"[221, 31, 97, 203, 537, 765, 842, 531, 1076, 1030]"
10,0.0019054222085523648,0,"[815, 27, 364, 926, 526, 225, 94, 203, 1030, 221]"
10,0.002225149432786609,0,"[526, 101, 1076, 765, 221, 203, 537, 531, 842, 1030]"
10,0.002598526445218819,0,"[765, 31, 526, 842, 97, 221, 537, 1076, 203, 1030]"
10,0.003034555606472433,0,"[97, 101, 221, 526, 1076, 537, 842, 203, 765, 1030]"
10,0.0035437498608938797,0,"[97, 31, 526, 765, 537, 1076, 203, 842, 221, 1030]"
10,0.004138386210422373,0,"[526, 101, 531, 537, 1076, 842, 765, 203, 221, 1030]"
10,0.0048328017210261245,0,"[526, 765, 835, 1076, 531, 537, 203, 842, 221, 1030]"
10,0.005643739198611264,0,"[31, 101, 526, 537, 765, 1076, 842, 203, 1030, 221]"
10,0.006590750868872473,0,"[101, 531, 765, 526, 537, 842, 1076, 203, 1030, 221]"
10,0.007696669794067008,1,"[31, 97, 526, 765, 537, 842, 203, 1076, 221, 1030]"
10,0.008988160392874619,4,"[526, 97, 765, 531, 537, 842, 203, 1076, 221, 1030]"
10,0.010496361336732254,13,"[97, 101, 765, 526, 842, 537, 1076, 203, 221, 1030]"
10,0.012257636323289026,25,"[101, 31, 526, 537, 842, 765, 1076, 221, 203, 1030]"
10,0.014314450828613578,40,"[101, 531, 526, 765, 537, 1076, 842, 203, 221, 1030]"
10,0.01671639597721523,51,"[97, 526, 531, 765, 537, 842, 1076, 203, 221, 1030]"
10,0.019521384216045566,53,"[526, 101, 531, 765, 1076, 537, 842, 203, 221, 1030]"
10,0.022797045620951938,56,"[97, 531, 526, 765, 537, 842, 1076, 203, 221, 1030]"
10,0.026622358501432165,56,"[97, 101, 526, 765, 537, 1076, 842, 203, 221, 1030]"
10,0.031089553618622864,56,"[531, 97, 526, 765, 537, 842, 1076, 203, 221, 1030]"
10,0.03630633792844572,57,"[101, 526, 97, 765, 537, 842, 1076, 203, 221, 1030]"
10,0.042398491465793026,57,"[531, 526, 101, 765, 537, 1076, 842, 203, 1030, 221]"
10,0.04951289998230568,57,"[526, 101, 531, 765, 537, 1076, 842, 203, 221, 1030]"
10,0.05782109645659659,58,"[97, 531, 526, 765, 537, 1076, 842, 203, 221, 1030]"
10,0.06752339686501559,58,"[101, 531, 526, 765, 537, 842, 1076, 203, 221, 1030]"
10,0.0788537299290565,59,"[97, 531, 526, 765, 537, 842, 1076, 203, 221, 1030]"
10,0.09208527728773268,60,"[97, 531, 526, 765, 537, 1076, 842, 203, 221, 1030]"
10,0.10753706008311428,62,"[97, 531, 526, 765, 537, 1076, 842, 203, 221, 1030]"
10,0.12558163076585405,70,"[101, 97, 526, 765, 537, 842, 1076, 203, 221, 1030]"
10,0.14665405557509434,88,"[526, 97, 531, 765, 537, 842, 1076, 203, 221, 1030]"
10,0.17126240426614048,113,"[101, 97, 526, 765, 537, 1076, 842, 203, 221, 1030]"
10,0.20000000000000004,158,"[101, 526, 531, 765, 537, 842, 203, 1076, 1030, 221]"
11,0.0001,1,"[180, 1011, 615, 753, 47, 531, 800, 835, 853, 785]"
11,0.0001167798623737652,1,"[1072, 534, 672, 505, 407, 913, 308, 93, 664, 785]"
11,0.0001363753625603554,1,"[122, 1063, 125, 131, 533, 425, 149, 126, 129, 785]"
11,0.00015925896070970654,1,"[151, 1052, 551, 811, 995, 598, 41, 1045, 74, 785]"
11,0.00018598239513468407,1,"[647, 585, 917, 779, 664, 125, 1077, 265, 738, 785]"
11,0.00021718998507771627,1,"[74, 670, 425, 719, 265, 149, 738, 598, 664, 785]"
11,0.0002536341656633582,1,"[93, 74, 664, 328, 424, 738, 1104, 264, 265, 785]"
11,0.00029619362959451735,1,"[265, 913, 746, 264, 784, 255, 795, 74, 664, 785]"
11,0.00034589451300033727,1,"[1104, 424, 598, 265, 74, 748, 738, 264, 664, 785]"
11,0.00040393513624019926,1,"[424, 93, 265, 74, 738, 748, 50, 664, 264, 785]"
11,0.0004717148961805861,1,"[93, 660, 74, 265, 738, 913, 264, 598, 664, 785]"
11,0.0005508680065562379,1,"[913, 93, 74, 424, 265, 738, 264, 748, 664, 785]"
11,0.0006433028999174784,1,"[93, 598, 424, 748, 264, 738, 265, 664, 74, 785]"
11,0.0007512482411700718,1,"[93, 1104, 660, 748, 424, 913, 265, 264, 664, 785]"
11,0.0008773066621237416,1,"[598, 913, 748, 74, 265, 264, 424, 738, 664, 785]"
11,0.0010245175126239797,1,"[424, 598, 913, 1104, 264, 74, 265, 738, 664, 785]"
11,0.0011964301412374049,1,"[245, 424, 913, 738, 264, 265, 598, 74, 664, 785]"
11,0.0013971894723352873,1,"[748, 424, 74, 598, 913, 265, 738, 264, 664, 785]"
11,0.001631635942893885,6,"[748, 913, 424, 598, 738, 265, 264, 74, 664, 785]"
11,0.0019054222085523648,12,"[1104, 748, 424, 738, 265, 598, 264, 74, 664, 785]"
11,0.002225149432786609,19,"[748, 1104, 913, 74, 598, 738, 265, 264, 664, 785]"
11,0.002598526445218819,24,"[748, 424, 913, 264, 598, 738, 74, 265, 664, 785]"
11,0.003034555606472433,40,"[748, 913, 424, 738, 598, 265, 264, 74, 664, 785]"
11,0.0035437498608938797,56,"[660, 424, 913, 738, 598, 74, 265, 264, 664, 785]"
11,0.004138386210422373,68,"[748, 424, 913, 738, 598, 265, 74, 264, 664, 785]"
11,0.0048328017210261245,75,"[913, 424, 748, 738, 598, 74, 265, 264, 664, 785]"
11,0.005643739198611264,81,"[913, 424, 748, 598, 265, 74, 738, 264, 664, 785]"
11,0.006590750868872473,85,"[748, 913, 1104, 265, 598, 738, 74, 264, 664, 785]"
11,0.007696669794067008,89,"[424, 1104, 748, 74, 738, 598, 265, 264, 664, 785]"
11,0.008988160392874619,89,"[913, 748, 424, 738, 598, 74, 264, 265, 664, 785]"
11,0.010496361336732254,92,"[748, 913, 424, 738, 74, 598, 264, 265, 664, 785]"
11,0.012257636323289026,92,"[424, 748, 913, 598, 738, 74, 265, 264, 664, 785]"
11,0.014314450828613578,92,"[660, 748, 913, 265, 598, 738, 74, 264, 664, 785]"
11,0.01671639597721523,92,"[748, 1104, 913, 738, 598, 74, 265, 264, 664, 785]"
11,0.019521384216045566,92,"[748, 913, 424, 74, 265, 598, 738, 264, 664, 785]"
11,0.022797045620951938,93,"[424, 913, 748, 738, 598, 74, 265, 264, 664, 785]"
11,0.026622358501432165,93,"[424, 1104, 748, 74, 738, 265, 598, 264, 664, 785]"
11,0.031089553618622864,94,"[913, 424, 748, 598, 738, 74, 265, 264, 664, 785]"
11,0.03630633792844572,94,"[424, 1104, 748, 598, 265, 738, 74, 264, 664, 785]"
11,0.042398491465793026,94,"[913, 1104, 748, 598, 738, 265, 74, 264, 664, 785]"
11,0.04951289998230568,94,"[424, 748, 913, 598, 738, 265, 74, 264, 664, 785]"
11,0.05782109645659659,94,"[913, 748, 424, 598, 738, 265, 74, 264, 664, 785]"
11,0.06752339686501559,94,"[748, 424, 913, 738, 598, 74, 265, 264, 664, 785]"
11,0.0788537299290565,95,"[748, 913, 424, 598, 738, 74, 265, 264, 664, 785]"
11,0.09208527728773268,97,"[1104, 748, 913, 598, 738, 74, 265, 264, 664, 785]"
11,0.10753706008311428,100,"[1104, 913, 748, 598, 738, 265, 74, 264, 664, 785]"
11,0.12558163076585405,106,"[1104, 913, 748, 598, 74, 738, 264, 265, 664, 785]"
11,0.14665405557509434,117,"[748, 913, 424, 598, 265, 738, 264, 74, 664, 785]"
11,0.17126240426614048,133,"[424, 748, 913, 738, 598, 265, 264, 74, 664, 785]"
11,0.20000000000000004,166,"[1104, 748, 913, 738, 598, 265, 74, 264, 664, 785]"
12,0.0001,0,"[33, 377, 675, 121, 293, 612, 657, 119, 709, 942]"
12,0.0001167798623737652,0,"[922, 299, 892, 581, 829, 898, 749, 899, 865, 942]"
12,0.0001363753625603554,0,"[210, 341, 342, 408, 11, 643, 798, 1141, 865, 942]"
12,0.00015925896070970654,0,"[988, 736, 1067, 1065, 594, 401, 865, 1141, 549, 942]"
12,0.00018598239513468407,0,"[137, 429, 594, 367, 1067, 865, 401, 1141, 549, 942]"
12,0.00021718998507771627,0,"[1081, 624, 912, 749, 429, 401, 1067, 1141, 549, 942]"
12,0.0002536341656633582,0,"[395, 749, 401, 583, 429, 367, 1141, 549, 865, 942]"
12,0.00029619362959451735,0,"[583, 401, 367, 594, 427, 429, 1141, 549, 865, 942]"
12,0.00034589451300033727,0,"[395, 1067, 594, 367, 429, 401, 1141, 865, 549, 942]"
12,0.00040393513624019926,0,"[594, 749, 1067, 367, 401, 429, 865, 1141, 549, 942]"
12,0.0004717148961805861,0,"[503, 1036, 429, 1067, 594, 401, 865, 1141, 549, 942]"
12,0.0005508680065562379,0,"[503, 367, 1067, 594, 429, 401, 865, 1141, 549, 942]"
12,0.0006433028999174784,0,"[749, 367, 594, 1067, 429, 401, 865, 1141, 549, 942]"
12,0.0007512482411700718,0,"[749, 427, 594, 367, 401, 429, 1141, 865, 549, 942]"
12,0.0008773066621237416,0,"[583, 594, 427, 367, 401, 429, 1141, 549, 865, 942]"
12,0.0010245175126239797,0,"[427, 25, 594, 367, 401, 429, 1141, 865, 549, 942]"
12,0.0011964301412374049,1,"[749, 1067, 367, 594, 429, 401, 1141, 865, 549, 942]"
12,0.0013971894723352873,3,"[395, 427, 594, 367, 401, 429, 1141, 865, 549, 942]"
12,0.001631635942893885,4,"[1067, 427, 367, 594, 401, 429, 1141, 865, 549, 942]"
12,0.0019054222085523648,7,"[1067, 427, 367, 594, 401, 429, 1141, 865, 549, 942]"
12,0.002225149432786609,13,"[427, 1067, 594, 367, 401, 429, 1141, 865, 549, 942]"
12,0.002598526445218819,18,"[427, 1067, 367, 594, 401, 429, 1141, 865, 549, 942]"
12,0.003034555606472433,23,"[1067, 427, 594, 367, 401, 429, 1141, 865, 549, 942]"
12,0.0035437498608938797,28,"[749, 427, 594, 367, 401, 429, 1141, 865, 549, 942]"
12,0.004138386210422373,35,"[427, 1067, 594, 367, 401, 429, 1141, 865, 549, 942]"
12,0.0048328017210261245,40,"[427, 1067, 367, 594, 401, 429, 1141, 865, 549, 942]"
12,0.005643739198611264,51,"[427, 1067, 594, 367, 401, 429, 1141, 865, 549, 942]"
12,0.006590750868872473,60,"[1067, 427, 367, 594, 401, 429, 1141, 865, 549, 942]"
12,0.007696669794067008,66,"[1067, 427, 594, 367, 401, 429, 1141, 865, 549, 942]"
12,0.008988160392874619,74,"[1067, 427, 367, 594, 401, 429, 1141, 865, 549, 942]"
12,0.010496361336732254,80,"[1067, 427, 594, 367, 401, 429, 1141, 865, 549, 942]"
12,0.012257636323289026,84,"[1067, 427, 594, 367, 401, 429, 1141, 865, 549, 942]"
12,0.014314450828613578,86,"[1067, 427, 367, 594, 401, 429, 1141, 865, 549, 942]"
12,0.01671639597721523,86,"[1067, 427, 367, 594, 429, 401, 1141, 865, 549, 942]"
12,0.019521384216045566,87,"[1067, 427, 594, 367, 429, 401, 1141, 865, 549, 942]"
12,0.022797045620951938,87,"[1067, 427, 367, 594, 401, 429, 1141, 865, 549, 942]"
12,0.026622358501432165,87,"[1067, 427, 594, 367, 401, 429, 1141, 865, 549, 942]"
12,0.031089553618622864,87,"[1067, 427, 594, 367, 401, 429, 1141, 865, 549, 942]"
12,0.03630633792844572,87,"[1067, 427, 594, 367, 401, 429, 1141, 865, 549, 942]"
12,0.042398491465793026,87,"[1067, 427, 367, 594, 401, 429, 1141, 865, 549, 942]"
12,0.04951289998230568,87,"[1067, 427, 367, 594, 401, 429, 1141, 865, 549, 942]"
12,0.05782109645659659,87,"[1067, 427, 367, 594, 401, 429, 1141, 865, 549, 942]"
12,0.06752339686501559,87,"[1067, 427, 367, 594, 401, 429, 1141, 865, 549, 942]"
12,0.0788537299290565,88,"[427, 1067, 367, 594, 401, 429, 1141, 865, 549, 942]"
12,0.09208527728773268,88,"[1067, 427, 367, 594, 401, 429, 1141, 865, 549, 942]"
12,0.10753706008311428,92,"[427, 1067, 367, 594, 401, 429, 1141, 865, 549, 942]"
12,0.12558163076585405,93,"[1067, 427, 367, 594, 401, 429, 1141, 865, 549, 942]"
12,0.14665405557509434,98,"[1067, 427, 594, 367, 401, 429, 1141, 865, 549, 942]"
12,0.17126240426614048,116,"[1067, 427, 367, 594, 401, 429, 1141, 865, 549, 942]"
12,0.20000000000000004,134,"[1067, 427, 594, 367, 401, 429, 1141, 865, 549, 942]"
13,0.0001,0,"[511, 1015, 1068, 934, 614, 89, 229, 224, 902, 56]"
13,0.0001167798623737652,0,"[799, 126, 125, 501, 411, 122, 160, 123, 131, 730]"
13,0.0001363753625603554,0,"[26, 578, 527, 82, 158, 222, 797, 1081, 501, 730]"
13,0.00015925896070970654,0,"[861, 724, 1115, 513, 789, 976, 80, 1094, 1008, 767]"
13,0.00018598239513468407,0,"[674, 701, 1056, 225, 1110, 1097, 180, 815, 589, 1081]"
13,0.00021718998507771627,0,"[1088, 27, 674, 809, 654, 180, 815, 669, 332, 925]"
13,0.0002536341656633582,0,"[776, 161, 377, 138, 10, 1101, 41, 968, 1045, 501]"
13,0.00029619362959451735,0,"[432, 1132, 1110, 1042, 658, 855, 19, 495, 814, 701]"
13,0.00034589451300033727,0,"[27, 679, 669, 501, 972, 281, 195, 850, 231, 730]"
13,0.00040393513624019926,0,"[618, 955, 731, 501, 850, 729, 887, 231, 755, 730]"
13,0.0004717148961805861,0,"[638, 102, 679, 755, 729, 850, 231, 201, 730, 1081]"
13,0.0005508680065562379,0,"[176, 577, 195, 237, 231, 850, 501, 730, 201, 1081]"
13,0.0006433028999174784,0,"[875, 729, 887, 850, 231, 501, 755, 201, 1081, 730]"
13,0.0007512482411700718,0,"[875, 729, 755, 102, 231, 850, 201, 501, 730, 1081]"
13,0.0008773066621237416,0,"[176, 102, 755, 729, 501, 231, 850, 201, 730, 1081]"
13,0.0010245175126239797,0,"[875, 729, 102, 195, 231, 850, 501, 730, 201, 1081]"
13,0.0011964301412374049,0,"[176, 1098, 679, 501, 102, 231, 730, 850, 201, 1081]"
13,0.0013971894723352873,0,"[755, 176, 729, 102, 501, 850, 231, 730, 201, 1081]"
13,0.001631635942893885,0,"[102, 875, 729, 501, 755, 850, 231, 201, 1081, 730]"
13,0.0019054222085523648,0,"[638, 102, 729, 755, 501, 850, 231, 201, 730, 1081]"
13,0.002225149432786609,0,"[679, 102, 729, 755, 501, 231, 850, 201, 730, 1081]"
13,0.002598526445218819,1,"[887, 875, 729, 755, 501, 231, 850, 201, 730, 1081]"
13,0.003034555606472433,2,"[875, 102, 729, 755, 501, 231, 850, 201, 730, 1081]"
13,0.0035437498608938797,5,"[729, 102, 875, 755, 501, 231, 850, 730, 201, 1081]"
13,0.004138386210422373,8,"[887, 102, 729, 755, 501, 231, 850, 730, 201, 1081]"
13,0.0048328017210261245,14,"[729, 887, 102, 755, 501, 231, 850, 730, 201, 1081]"
13,0.005643739198611264,18,"[729, 875, 755, 102, 501, 231, 850, 201, 730, 1081]"
13,0.006590750868872473,32,"[979, 729, 102, 755, 501, 231, 850, 730, 201, 1081]"
13,0.007696669794067008,38,"[887, 102, 729, 755, 501, 231, 850, 201, 730, 1081]"
13,0.008988160392874619,44,"[102, 729, 875, 755, 231, 501, 850, 201, 1081, 730]"
13,0.010496361336732254,51,"[875, 102, 729, 755, 501, 231, 850, 201, 730, 1081]"
13,0.012257636323289026,57,"[729, 102, 887, 755, 501, 231, 850, 730, 201, 1081]"
13,0.014314450828613578,68,"[887, 729, 102, 755, 501, 231, 850, 730, 201, 1081]"
13,0.01671639597721523,75,"[887, 102, 875, 755, 501, 231, 850, 730, 201, 1081]"
13,0.019521384216045566,81,"[875, 102, 729, 755, 501, 231, 850, 730, 201, 1081]"
13,0.022797045620951938,82,"[875, 102, 729, 755, 501, 231, 850, 201, 730, 1081]"
13,0.026622358501432165,83,"[875, 729, 102, 755, 501, 231, 850, 730, 201, 1081]"
13,0.031089553618622864,84,"[875, 729, 102, 755, 501, 231, 850, 201, 730, 1081]"
13,0.03630633792844572,84,"[887, 102, 729, 755, 501, 231, 850, 201, 730, 1081]"
13,0.042398491465793026,84,"[729, 875, 102, 755, 501, 231, 850, 730, 201, 1081]"
13,0.04951289998230568,84,"[729, 102, 875, 755, 501, 231, 850, 730, 201, 1081]"
13,0.05782109645659659,84,"[875, 729, 102, 755, 501, 231, 850, 730, 201, 1081]"
13,0.06752339686501559,84,"[887, 102, 755, 875, 501, 231, 850, 730, 201, 1081]"
13,0.0788537299290565,86,"[887, 729, 102, 755, 501, 231, 850, 201, 730, 1081]"
13,0.09208527728773268,89,"[887, 102, 729, 755, 501, 231, 850, 201, 730, 1081]"
13,0.10753706008311428,93,"[875, 729, 102, 755, 501, 231, 850, 201, 730, 1081]"
13,0.12558163076585405,96,"[887, 729, 102, 755, 501, 850, 231, 201, 730, 1081]"
13,0.14665405557509434,98,"[875, 102, 729, 755, 501, 231, 850, 201, 730, 1081]"
13,0.17126240426614048,105,"[729, 102, 875, 755, 501, 231, 850, 201, 730, 1081]"
13,0.20000000000000004,129,"[887, 729, 102, 755, 501, 231, 850, 730, 201, 1081]"
14,0.0001,0,"[19, 925, 855, 316, 809, 1042, 801, 1132, 834, 27]"
14,0.0001167798623737652,0,"[163, 598, 265, 1050, 82, 273, 712, 119, 158, 892]"
14,0.0001363753625603554,0,"[335, 755, 985, 912, 123, 750, 934, 646, 89, 892]"
14,0.00015925896070970654,0,"[95, 761, 1119, 522, 505, 405, 699, 781, 172, 556]"
14,0.00018598239513468407,0,"[556, 309, 492, 129, 892, 131, 122, 123, 126, 125]"
14,0.00021718998507771627,0,"[926, 455, 316, 547, 815, 225, 556, 402, 581, 892]"
14,0.0002536341656633582,0,"[831, 699, 564, 334, 1008, 1034, 608, 767, 892, 556]"
14,0.00029619362959451735,0,"[1002, 460, 898, 580, 389, 1062, 402, 581, 892, 556]"
14,0.00034589451300033727,0,"[960, 460, 389, 172, 898, 1062, 581, 892, 402, 556]"
14,0.00040393513624019926,0,"[125, 1001, 173, 581, 402, 389, 1062, 898, 892, 556]"
14,0.0004717148961805861,0,"[818, 173, 732, 898, 389, 581, 1062, 402, 892, 556]"
14,0.0005508680065562379,0,"[173, 922, 396, 581, 1062, 402, 389, 898, 892, 556]"
14,0.0006433028999174784,0,"[962, 818, 173, 898, 389, 581, 402, 1062, 892, 556]"
14,0.0007512482411700718,0,"[299, 818, 173, 389, 898, 581, 1062, 402, 892, 556]"
14,0.0008773066621237416,0,"[460, 580, 1001, 389, 898, 1062, 581, 402, 892, 556]"
14,0.0010245175126239797,0,"[1001, 337, 460, 389, 1062, 581, 402, 898, 892, 556]"
14,0.0011964301412374049,0,"[1001, 396, 173, 898, 581, 389, 1062, 402, 892, 556]"
14,0.0013971894723352873,0,"[173, 1001, 396, 898, 581, 389, 1062, 402, 892, 556]"
14,0.001631635942893885,1,"[1001, 396, 173, 898, 1062, 389, 581, 402, 892, 556]"
14,0.0019054222085523648,2,"[341, 173, 1001, 898, 389, 1062, 581, 402, 892, 556]"
14,0.002225149432786609,4,"[818, 173, 1001, 389, 898, 1062, 581, 402, 892, 556]"
14,0.002598526445218819,8,"[173, 816, 1001, 389, 581, 1062, 898, 402, 892, 556]"
14,0.003034555606472433,9,"[396, 818, 173, 389, 898, 1062, 581, 402, 892, 556]"
14,0.0035437498608938797,12,"[818, 1001, 173, 389, 898, 581, 1062, 402, 892, 556]"
14,0.004138386210422373,21,"[396, 1001, 173, 389, 581, 1062, 898, 402, 892, 556]"
14,0.0048328017210261245,23,"[818, 1001, 173, 389, 898, 1062, 581, 402, 892, 556]"
14,0.005643739198611264,32,"[818, 1001, 173, 389, 581, 898, 1062, 402, 892, 556]"
14,0.006590750868872473,42,"[818, 1001, 173, 389, 898, 581, 1062, 402, 892, 556]"
14,0.007696669794067008,53,"[818, 1001, 173, 389, 898, 581, 1062, 402, 892, 556]"
14,0.008988160392874619,66,"[816, 1001, 173, 389, 898, 581, 1062, 402, 892, 556]"
14,0.010496361336732254,76,"[341, 1001, 173, 898, 389, 581, 1062, 402, 892, 556]"
14,0.012257636323289026,80,"[818, 1001, 173, 389, 898, 581, 1062, 402, 892, 556]"
14,0.014314450828613578,82,"[396, 1001, 173, 389, 898, 1062, 581, 402, 892, 556]"
14,0.01671639597721523,82,"[818, 1001, 173, 389, 581, 1062, 898, 402, 892, 556]"
14,0.019521384216045566,84,"[341, 173, 1001, 389, 898, 581, 1062, 402, 892, 556]"
14,0.022797045620951938,87,"[818, 1001, 173, 389, 898, 1062, 581, 402, 892, 556]"
14,0.026622358501432165,87,"[396, 1001, 173, 389, 898, 581, 1062, 402, 892, 556]"
14,0.031089553618622864,88,"[818, 1001, 173, 389, 898, 581, 1062, 402, 892, 556]"
14,0.03630633792844572,89,"[1001, 818, 173, 389, 898, 581, 1062, 402, 892, 556]"
14,0.042398491465793026,90,"[818, 1001, 173, 389, 581, 1062, 898, 402, 892, 556]"
14,0.04951289998230568,90,"[818, 1001, 173, 389, 581, 898, 1062, 402, 892, 556]"
14,0.05782109645659659,90,"[818, 1001, 173, 389, 898, 581, 1062, 402, 892, 556]"
14,0.06752339686501559,90,"[818, 1001, 173, 389, 1062, 581, 898, 402, 892, 556]"
14,0.0788537299290565,90,"[818, 1001, 173, 389, 581, 898, 1062, 402, 892, 556]"
14,0.09208527728773268,95,"[818, 173, 1001, 389, 898, 581, 1062, 402, 892, 556]"
14,0.10753706008311428,104,"[341, 173, 1001, 898, 389, 1062, 581, 402, 892, 556]"
14,0.12558163076585405,108,"[818, 1001, 173, 389, 1062, 581, 898, 402, 892, 556]"
14,0.14665405557509434,119,"[341, 1001, 173, 581, 389, 898, 1062, 402, 892, 556]"
14,0.17126240426614048,134,"[818, 1001, 173, 389, 581, 898, 1062, 402, 892, 556]"
14,0.20000000000000004,172,"[818, 1001, 173, 389, 898, 1062, 581, 402, 892, 556]"
